Month,New Customers
2014-01,32
2014-02,24
2014-03,65
2014-04,56
2014-05,56
2014-06,48
2014-07,44
2014-08,49
2014-09,68
2014-10,42
2014-11,62
2014-12,49
2015-01,7
2015-02,7
2015-03,18
2015-04,12
2015-05,12
2015-06,12
2015-07,8
2015-08,12
2015-09,16
2015-10,9
2015-11,10
2015-12,13
2016-01,6
2016-02,2
2016-03,6
2016-04,7
2016-05,7
2016-06,8
2016-07,2
2016-08,4
2016-10,1
2016-11,6
2016-12,2
2017-03,3
2017-04,1
2017-06,1
2017-07,2
2017-09,1
2017-10,2
2017-11,1
